Chromosome	Region	Coverage	Expected Coverage	Corrected Coverage	Sampleid
Pf3D7_01_v3	177187-181825	54.0000	143.3850	0.3766	10143-GH-D35_S9
Pf3D7_03_v3	221112-223145	26709.0000	1686.7908	15.8342	10143-GH-D35_S9
Pf3D7_04_v3	747897-750065	154.0000	436.8845	0.3525	10143-GH-D35_S9
Pf3D7_05_v3	955955-963095	1547.0000	879.2939	1.7594	10143-GH-D35_S9
Pf3D7_08_v3	547896-551057	1492.0000	958.4175	1.5567	10143-GH-D35_S9
Pf3D7_11_v3	1292966-1296696	44.0000	132.5142	0.3320	10143-GH-D35_S9
Pf3D7_13_v3	1724600-1727877	4746.0000	2569.0728	1.8474	10143-GH-D35_S9
Pf3D7_MIT_v3	3492-4622	16142.0000	1450.9304	11.1253	10143-GH-D35_S9
Pf3D7_01_v3	177187-181825	544.0000	468.5017	1.1611	10136-GH-D28_S4
Pf3D7_03_v3	221112-223145	14786.0000	1130.2687	13.0818	10136-GH-D28_S4
Pf3D7_04_v3	747897-750065	277.0000	1224.1308	0.2263	10136-GH-D28_S4
Pf3D7_05_v3	955955-963095	3801.0000	3452.2728	1.1010	10136-GH-D28_S4
Pf3D7_08_v3	547896-551057	8455.0000	3524.2531	2.3991	10136-GH-D28_S4
Pf3D7_11_v3	1292966-1296696	210.0000	888.8707	0.2363	10136-GH-D28_S4
Pf3D7_13_v3	1724600-1727877	19160.0000	5639.1364	3.3977	10136-GH-D28_S4
Pf3D7_MIT_v3	3492-4622	20631.0000	2388.2858	8.6384	10136-GH-D28_S4
Pf3D7_01_v3	177187-181825	59790.0000	647127.0478	0.0924	10304-GH-D28_S26
Pf3D7_03_v3	221112-223145	1079238.0000	643565.4810	1.6770	10304-GH-D28_S26
Pf3D7_04_v3	747897-750065	1471953.0000	823753.1820	1.7869	10304-GH-D28_S26
Pf3D7_05_v3	955955-963095	2460533.0000	1031444.7363	2.3855	10304-GH-D28_S26
Pf3D7_07_v3	402385-406341	302915.0000	306001.4296	0.9899	10304-GH-D28_S26
Pf3D7_08_v3	547896-551057	2596948.0000	971793.8941	2.6723	10304-GH-D28_S26
Pf3D7_11_v3	1292966-1296696	514046.0000	1312873.0018	0.3915	10304-GH-D28_S26
Pf3D7_13_v3	1724600-1727877	3270680.0000	3338042.4603	0.9798	10304-GH-D28_S26
Pf3D7_MIT_v3	3492-4622	2905677.0000	2491769.2035	1.1661	10304-GH-D28_S26
Pf3D7_01_v3	177187-181825	129911.0000	637652.7438	0.2037	S1544-GH_S16
Pf3D7_03_v3	221112-223145	1350413.0000	656139.6567	2.0581	S1544-GH_S16
Pf3D7_04_v3	747897-750065	1063340.0000	778666.4821	1.3656	S1544-GH_S16
Pf3D7_05_v3	955955-963095	1994257.0000	965653.1877	2.0652	S1544-GH_S16
Pf3D7_07_v3	402385-406341	279516.0000	301991.2174	0.9256	S1544-GH_S16
Pf3D7_08_v3	547896-551057	3083347.0000	943628.8166	3.2675	S1544-GH_S16
Pf3D7_11_v3	1292966-1296696	818320.0000	1337218.5640	0.6120	S1544-GH_S16
Pf3D7_13_v3	1724600-1727877	3216263.0000	3502318.3849	0.9183	S1544-GH_S16
Pf3D7_MIT_v3	3492-4622	2080179.0000	2442887.6859	0.8515	S1544-GH_S16
Pf3D7_01_v3	177187-181825	128569.0000	841674.5718	0.1528	S1453-GH_S12
Pf3D7_03_v3	221112-223145	1001057.0000	702355.2260	1.4253	S1453-GH_S12
Pf3D7_04_v3	747897-750065	1060564.0000	1000431.0587	1.0601	S1453-GH_S12
Pf3D7_05_v3	955955-963095	2182965.0000	1301071.2430	1.6778	S1453-GH_S12
Pf3D7_07_v3	402385-406341	228131.0000	373496.4827	0.6108	S1453-GH_S12
Pf3D7_08_v3	547896-551057	2708251.0000	1250700.7307	2.1654	S1453-GH_S12
Pf3D7_11_v3	1292966-1296696	430790.0000	1445381.0100	0.2980	S1453-GH_S12
Pf3D7_13_v3	1724600-1727877	3282577.0000	3688644.5273	0.8899	S1453-GH_S12
Pf3D7_MIT_v3	3492-4622	4158977.0000	3096422.4603	1.3432	S1453-GH_S12
Pf3D7_01_v3	177187-181825	191926.0000	534755.8085	0.3589	S1612-GH_S29
Pf3D7_03_v3	221112-223145	1119792.0000	526669.1899	2.1262	S1612-GH_S29
Pf3D7_04_v3	747897-750065	576944.0000	612986.8033	0.9412	S1612-GH_S29
Pf3D7_05_v3	955955-963095	1177837.0000	732873.1758	1.6071	S1612-GH_S29
Pf3D7_07_v3	402385-406341	206959.0000	239543.4965	0.8640	S1612-GH_S29
Pf3D7_08_v3	547896-551057	2750567.0000	770295.6315	3.5708	S1612-GH_S29
Pf3D7_11_v3	1292966-1296696	994823.0000	1158407.5162	0.8588	S1612-GH_S29
Pf3D7_13_v3	1724600-1727877	2850643.0000	2752327.5300	1.0357	S1612-GH_S29
Pf3D7_MIT_v3	3492-4622	1992433.0000	2064310.6103	0.9652	S1612-GH_S29
Pf3D7_01_v3	177187-181825	55530.0000	182949.4327	0.3035	10278-GH-D35_S25
Pf3D7_03_v3	221112-223145	279943.0000	158548.0512	1.7657	10278-GH-D35_S25
Pf3D7_04_v3	747897-750065	138385.0000	201464.2343	0.6869	10278-GH-D35_S25
Pf3D7_05_v3	955955-963095	332511.0000	254076.0429	1.3087	10278-GH-D35_S25
Pf3D7_07_v3	402385-406341	70830.0000	76214.6168	0.9293	10278-GH-D35_S25
Pf3D7_08_v3	547896-551057	753576.0000	260513.7824	2.8927	10278-GH-D35_S25
Pf3D7_11_v3	1292966-1296696	298492.0000	335504.9442	0.8897	10278-GH-D35_S25
Pf3D7_13_v3	1724600-1727877	1107003.0000	844727.5972	1.3105	10278-GH-D35_S25
Pf3D7_MIT_v3	3492-4622	821875.0000	605664.2926	1.3570	10278-GH-D35_S25
Pf3D7_01_v3	177187-181825	252128.0000	686972.4523	0.3670	S1551-GH_S17
Pf3D7_03_v3	221112-223145	1390156.0000	604487.9214	2.2997	S1551-GH_S17
Pf3D7_04_v3	747897-750065	916343.0000	787794.5313	1.1632	S1551-GH_S17
Pf3D7_05_v3	955955-963095	1492619.0000	978088.7468	1.5261	S1551-GH_S17
Pf3D7_07_v3	402385-406341	389963.0000	318756.3502	1.2234	S1551-GH_S17
Pf3D7_08_v3	547896-551057	3059078.0000	1002776.6427	3.0506	S1551-GH_S17
Pf3D7_11_v3	1292966-1296696	808273.0000	1250319.6476	0.6465	S1551-GH_S17
Pf3D7_13_v3	1724600-1727877	2958304.0000	3159820.8143	0.9362	S1551-GH_S17
Pf3D7_MIT_v3	3492-4622	2390054.0000	2384351.9001	1.0024	S1551-GH_S17
Pf3D7_01_v3	177187-181825	30051.0000	527371.0029	0.0570	DD2_S33
Pf3D7_03_v3	221112-223145	706232.0000	502020.5756	1.4068	DD2_S33
Pf3D7_04_v3	747897-750065	1289868.0000	738806.2496	1.7459	DD2_S33
Pf3D7_05_v3	955955-963095	3509872.0000	926124.6623	3.7898	DD2_S33
Pf3D7_07_v3	402385-406341	135120.0000	256574.1510	0.5266	DD2_S33
Pf3D7_08_v3	547896-551057	2319404.0000	823809.4480	2.8155	DD2_S33
Pf3D7_11_v3	1292966-1296696	229601.0000	1030066.4309	0.2229	DD2_S33
Pf3D7_13_v3	1724600-1727877	2800562.0000	2597084.2771	1.0783	DD2_S33
Pf3D7_MIT_v3	3492-4622	2017786.0000	2037825.2811	0.9902	DD2_S33
Pf3D7_01_v3	177187-181825	99067.0000	594936.9880	0.1665	10313-GH-D21_S31
Pf3D7_03_v3	221112-223145	1243864.0000	615134.0989	2.0221	10313-GH-D21_S31
Pf3D7_04_v3	747897-750065	1006529.0000	725477.8049	1.3874	10313-GH-D21_S31
Pf3D7_05_v3	955955-963095	1924477.0000	879828.4275	2.1873	10313-GH-D21_S31
Pf3D7_07_v3	402385-406341	235709.0000	269963.0843	0.8731	10313-GH-D21_S31
Pf3D7_08_v3	547896-551057	2984398.0000	868530.9938	3.4361	10313-GH-D21_S31
Pf3D7_11_v3	1292966-1296696	755469.0000	1311048.9174	0.5762	10313-GH-D21_S31
Pf3D7_13_v3	1724600-1727877	3071271.0000	3248446.2312	0.9455	10313-GH-D21_S31
Pf3D7_MIT_v3	3492-4622	2431223.0000	2356840.9529	1.0316	10313-GH-D21_S31
Pf3D7_01_v3	177187-181825	181201.0000	683830.7233	0.2650	S1395-GH_S6
Pf3D7_03_v3	221112-223145	1430807.0000	657378.1820	2.1765	S1395-GH_S6
Pf3D7_04_v3	747897-750065	969571.0000	808699.1786	1.1989	S1395-GH_S6
Pf3D7_05_v3	955955-963095	1812543.0000	1010474.6432	1.7938	S1395-GH_S6
Pf3D7_07_v3	402385-406341	319149.0000	319907.6651	0.9976	S1395-GH_S6
Pf3D7_08_v3	547896-551057	3276867.0000	1005000.1395	3.2606	S1395-GH_S6
Pf3D7_11_v3	1292966-1296696	886652.0000	1373622.0953	0.6455	S1395-GH_S6
Pf3D7_13_v3	1724600-1727877	3104560.0000	3545859.7142	0.8755	S1395-GH_S6
Pf3D7_MIT_v3	3492-4622	2344531.0000	2529781.2238	0.9268	S1395-GH_S6
Pf3D7_01_v3	177187-181825	173813.0000	535576.9696	0.3245	S1411-GH_S8
Pf3D7_03_v3	221112-223145	1109556.0000	534275.9378	2.0767	S1411-GH_S8
Pf3D7_04_v3	747897-750065	665385.0000	619176.5484	1.0746	S1411-GH_S8
Pf3D7_05_v3	955955-963095	1370568.0000	755542.8971	1.8140	S1411-GH_S8
Pf3D7_07_v3	402385-406341	225565.0000	248347.2002	0.9083	S1411-GH_S8
Pf3D7_08_v3	547896-551057	3091498.0000	777555.0396	3.9759	S1411-GH_S8
Pf3D7_11_v3	1292966-1296696	831370.0000	1127363.5766	0.7374	S1411-GH_S8
Pf3D7_13_v3	1724600-1727877	2949053.0000	2814819.4427	1.0477	S1411-GH_S8
Pf3D7_MIT_v3	3492-4622	1693042.0000	2040545.3900	0.8297	S1411-GH_S8
Pf3D7_01_v3	177187-181825	131834.0000	281982.7233	0.4675	10227-GH-D35_S19
Pf3D7_03_v3	221112-223145	481150.0000	235041.5821	2.0471	10227-GH-D35_S19
Pf3D7_04_v3	747897-750065	261170.0000	317098.7252	0.8236	10227-GH-D35_S19
Pf3D7_05_v3	955955-963095	542973.0000	404918.3024	1.3409	10227-GH-D35_S19
Pf3D7_07_v3	402385-406341	148184.0000	128333.3865	1.1547	10227-GH-D35_S19
Pf3D7_08_v3	547896-551057	1292017.0000	410075.6174	3.1507	10227-GH-D35_S19
Pf3D7_11_v3	1292966-1296696	457718.0000	480467.6143	0.9527	10227-GH-D35_S19
Pf3D7_13_v3	1724600-1727877	1931873.0000	1279088.7737	1.5104	10227-GH-D35_S19
Pf3D7_MIT_v3	3492-4622	1296336.0000	955842.3180	1.3562	10227-GH-D35_S19
Pf3D7_01_v3	177187-181825	47747.0000	125573.3325	0.3802	3D7_S32
Pf3D7_03_v3	221112-223145	241432.0000	106604.9758	2.2647	3D7_S32
Pf3D7_04_v3	747897-750065	123893.0000	137541.8006	0.9008	3D7_S32
Pf3D7_05_v3	955955-963095	206459.0000	175249.4556	1.1781	3D7_S32
Pf3D7_07_v3	402385-406341	50000.0000	53746.2618	0.9303	3D7_S32
Pf3D7_08_v3	547896-551057	651147.0000	179880.0747	3.6199	3D7_S32
Pf3D7_11_v3	1292966-1296696	260805.0000	219580.9078	1.1877	3D7_S32
Pf3D7_13_v3	1724600-1727877	963970.0000	571491.6381	1.6868	3D7_S32
Pf3D7_MIT_v3	3492-4622	1185473.0000	451571.6572	2.6252	3D7_S32
Pf3D7_01_v3	177187-181825	286038.0000	616603.8585	0.4639	10272-GH-D35_S24
Pf3D7_03_v3	221112-223145	783161.0000	466264.1425	1.6797	10272-GH-D35_S24
Pf3D7_04_v3	747897-750065	730072.0000	698780.9435	1.0448	10272-GH-D35_S24
Pf3D7_05_v3	955955-963095	1160469.0000	914311.1329	1.2692	10272-GH-D35_S24
Pf3D7_07_v3	402385-406341	344740.0000	279638.7295	1.2328	10272-GH-D35_S24
Pf3D7_08_v3	547896-551057	2177580.0000	905426.2218	2.4050	10272-GH-D35_S24
Pf3D7_11_v3	1292966-1296696	692475.0000	946862.9265	0.7313	10272-GH-D35_S24
Pf3D7_13_v3	1724600-1727877	2930179.0000	2553328.8716	1.1476	10272-GH-D35_S24
Pf3D7_MIT_v3	3492-4622	3117925.0000	2044900.9380	1.5247	10272-GH-D35_S24
Pf3D7_01_v3	177187-181825	123964.0000	630138.3646	0.1967	S1531-GH_S15
Pf3D7_03_v3	221112-223145	1524367.0000	681137.4737	2.2380	S1531-GH_S15
Pf3D7_04_v3	747897-750065	1215573.0000	771821.9547	1.5749	S1531-GH_S15
Pf3D7_05_v3	955955-963095	2097731.0000	949170.4813	2.2101	S1531-GH_S15
Pf3D7_07_v3	402385-406341	303364.0000	297310.1373	1.0204	S1531-GH_S15
Pf3D7_08_v3	547896-551057	3169666.0000	929173.0597	3.4113	S1531-GH_S15
Pf3D7_11_v3	1292966-1296696	934985.0000	1379819.6785	0.6776	S1531-GH_S15
Pf3D7_13_v3	1724600-1727877	3263134.0000	3595031.7522	0.9077	S1531-GH_S15
Pf3D7_MIT_v3	3492-4622	1913681.0000	2467186.9712	0.7757	S1531-GH_S15
Pf3D7_01_v3	177187-181825	76730.0000	605141.3480	0.1268	S1566-GH_S28
Pf3D7_03_v3	221112-223145	1196970.0000	619533.4066	1.9321	S1566-GH_S28
Pf3D7_04_v3	747897-750065	1030981.0000	762964.1730	1.3513	S1566-GH_S28
Pf3D7_05_v3	955955-963095	2328783.0000	966225.4793	2.4102	S1566-GH_S28
Pf3D7_07_v3	402385-406341	295566.0000	297902.7604	0.9922	S1566-GH_S28
Pf3D7_08_v3	547896-551057	2850269.0000	910512.9193	3.1304	S1566-GH_S28
Pf3D7_11_v3	1292966-1296696	816187.0000	1221280.7628	0.6683	S1566-GH_S28
Pf3D7_13_v3	1724600-1727877	3387255.0000	3220709.4111	1.0517	S1566-GH_S28
Pf3D7_MIT_v3	3492-4622	1846186.0000	2246924.2985	0.8217	S1566-GH_S28
Pf3D7_01_v3	177187-181825	75304.0000	564337.5739	0.1334	10311-GH-D35_S27
Pf3D7_03_v3	221112-223145	1135381.0000	596345.7688	1.9039	10311-GH-D35_S27
Pf3D7_04_v3	747897-750065	968669.0000	716097.2561	1.3527	10311-GH-D35_S27
Pf3D7_05_v3	955955-963095	2307204.0000	896073.8277	2.5748	10311-GH-D35_S27
Pf3D7_07_v3	402385-406341	251209.0000	270961.8280	0.9271	10311-GH-D35_S27
Pf3D7_08_v3	547896-551057	2761019.0000	846341.3722	3.2623	10311-GH-D35_S27
Pf3D7_11_v3	1292966-1296696	668415.0000	1211309.7075	0.5518	10311-GH-D35_S27
Pf3D7_13_v3	1724600-1727877	3188011.0000	3150965.5452	1.0118	10311-GH-D35_S27
Pf3D7_MIT_v3	3492-4622	1956276.0000	2196794.8667	0.8905	10311-GH-D35_S27
Pf3D7_01_v3	177187-181825	1270.0000	3818.2961	0.3326	10063-GH-D42_S2
Pf3D7_03_v3	221112-223145	10806.0000	2685.2355	4.0242	10063-GH-D42_S2
Pf3D7_04_v3	747897-750065	3193.0000	2423.5845	1.3175	10063-GH-D42_S2
Pf3D7_05_v3	955955-963095	5714.0000	4005.1718	1.4267	10063-GH-D42_S2
Pf3D7_07_v3	402385-406341	1078.0000	1783.0088	0.6046	10063-GH-D42_S2
Pf3D7_08_v3	547896-551057	11310.0000	5740.0876	1.9704	10063-GH-D42_S2
Pf3D7_11_v3	1292966-1296696	388.0000	431.8975	0.8984	10063-GH-D42_S2
Pf3D7_13_v3	1724600-1727877	35986.0000	11307.6428	3.1824	10063-GH-D42_S2
Pf3D7_MIT_v3	3492-4622	31649.0000	7850.2815	4.0316	10063-GH-D42_S2
Pf3D7_01_v3	177187-181825	237200.0000	547283.7952	0.4334	10263-GH-D35_S22
Pf3D7_03_v3	221112-223145	1186068.0000	530916.6545	2.2340	10263-GH-D35_S22
Pf3D7_04_v3	747897-750065	649331.0000	625239.2782	1.0385	10263-GH-D35_S22
Pf3D7_05_v3	955955-963095	1157025.0000	762735.9100	1.5169	10263-GH-D35_S22
Pf3D7_07_v3	402385-406341	282867.0000	248947.1512	1.1363	10263-GH-D35_S22
Pf3D7_08_v3	547896-551057	2785551.0000	790378.1848	3.5243	10263-GH-D35_S22
Pf3D7_11_v3	1292966-1296696	857616.0000	1124654.7275	0.7626	10263-GH-D35_S22
Pf3D7_13_v3	1724600-1727877	2913198.0000	2861255.8497	1.0182	10263-GH-D35_S22
Pf3D7_MIT_v3	3492-4622	1882238.0000	2054064.3915	0.9163	10263-GH-D35_S22
Pf3D7_01_v3	177187-181825	111447.0000	245337.6210	0.4543	10265-GH-D42_S23
Pf3D7_03_v3	221112-223145	500673.0000	201152.9950	2.4890	10265-GH-D42_S23
Pf3D7_04_v3	747897-750065	256277.0000	273629.3168	0.9366	10265-GH-D42_S23
Pf3D7_05_v3	955955-963095	448264.0000	350290.3340	1.2797	10265-GH-D42_S23
Pf3D7_07_v3	402385-406341	126284.0000	113475.3806	1.1129	10265-GH-D42_S23
Pf3D7_08_v3	547896-551057	1137006.0000	356917.1309	3.1856	10265-GH-D42_S23
Pf3D7_11_v3	1292966-1296696	361302.0000	401928.9877	0.8989	10265-GH-D42_S23
Pf3D7_13_v3	1724600-1727877	1810869.0000	1092950.9610	1.6569	10265-GH-D42_S23
Pf3D7_MIT_v3	3492-4622	1150063.0000	802874.6460	1.4324	10265-GH-D42_S23
Pf3D7_01_v3	177187-181825	189980.0000	402064.9148	0.4725	S1564-GH_S18
Pf3D7_03_v3	221112-223145	739851.0000	322127.5374	2.2968	S1564-GH_S18
Pf3D7_04_v3	747897-750065	469833.0000	454152.5308	1.0345	S1564-GH_S18
Pf3D7_05_v3	955955-963095	778245.0000	590233.1919	1.3185	S1564-GH_S18
Pf3D7_07_v3	402385-406341	202451.0000	187938.5133	1.0772	S1564-GH_S18
Pf3D7_08_v3	547896-551057	1699109.0000	588529.1336	2.8870	S1564-GH_S18
Pf3D7_11_v3	1292966-1296696	548214.0000	635475.2821	0.8627	S1564-GH_S18
Pf3D7_13_v3	1724600-1727877	2513844.0000	1756963.8839	1.4308	S1564-GH_S18
Pf3D7_MIT_v3	3492-4622	2040576.0000	1295465.2695	1.5752	S1564-GH_S18
Pf3D7_01_v3	177187-181825	142.0000	452.6155	0.3137	10164-GH-D42_S10
Pf3D7_03_v3	221112-223145	581.0000	437.4244	1.3282	10164-GH-D42_S10
Pf3D7_04_v3	747897-750065	670.0000	636.6199	1.0524	10164-GH-D42_S10
Pf3D7_05_v3	955955-963095	3240.0000	1270.4187	2.5503	10164-GH-D42_S10
Pf3D7_07_v3	402385-406341	475.0000	609.3825	0.7795	10164-GH-D42_S10
Pf3D7_08_v3	547896-551057	12123.0000	892.0529	13.5900	10164-GH-D42_S10
Pf3D7_11_v3	1292966-1296696	845.0000	1429.1485	0.5913	10164-GH-D42_S10
Pf3D7_13_v3	1724600-1727877	25175.0000	4533.3804	5.5533	10164-GH-D42_S10
Pf3D7_MIT_v3	3492-4622	33974.0000	1602.2012	21.2046	10164-GH-D42_S10
Pf3D7_01_v3	177187-181825	256617.0000	496962.8420	0.5164	S1645-GH_S30
Pf3D7_03_v3	221112-223145	1001212.0000	404815.7132	2.4733	S1645-GH_S30
Pf3D7_04_v3	747897-750065	593879.0000	561683.0933	1.0573	S1645-GH_S30
Pf3D7_05_v3	955955-963095	959880.0000	715184.4019	1.3421	S1645-GH_S30
Pf3D7_07_v3	402385-406341	306009.0000	230869.6889	1.3255	S1645-GH_S30
Pf3D7_08_v3	547896-551057	2160677.0000	726057.0561	2.9759	S1645-GH_S30
Pf3D7_11_v3	1292966-1296696	692885.0000	808371.4888	0.8571	S1645-GH_S30
Pf3D7_13_v3	1724600-1727877	2710154.0000	2194089.8518	1.2352	S1645-GH_S30
Pf3D7_MIT_v3	3492-4622	2412221.0000	1623649.0669	1.4857	S1645-GH_S30
Pf3D7_01_v3	177187-181825	2216.0000	584.3415	3.7923	10068-GH-D35_S3
Pf3D7_03_v3	221112-223145	52199.0000	2390.6501	21.8346	10068-GH-D35_S3
Pf3D7_04_v3	747897-750065	3654.0000	2033.5366	1.7969	10068-GH-D35_S3
Pf3D7_05_v3	955955-963095	8179.0000	6741.0569	1.2133	10068-GH-D35_S3
Pf3D7_07_v3	402385-406341	449.0000	2233.0511	0.2011	10068-GH-D35_S3
Pf3D7_08_v3	547896-551057	14887.0000	6716.9614	2.2163	10068-GH-D35_S3
Pf3D7_11_v3	1292966-1296696	1134.0000	3151.9360	0.3598	10068-GH-D35_S3
Pf3D7_13_v3	1724600-1727877	31147.0000	9658.4697	3.2248	10068-GH-D35_S3
Pf3D7_MIT_v3	3492-4622	21824.0000	3232.9852	6.7504	10068-GH-D35_S3
Pf3D7_01_v3	177187-181825	6227.0000	24302.0556	0.2562	10027-GH-D28_S1
Pf3D7_03_v3	221112-223145	43665.0000	18607.4612	2.3466	10027-GH-D28_S1
Pf3D7_04_v3	747897-750065	23971.0000	27490.8515	0.8720	10027-GH-D28_S1
Pf3D7_05_v3	955955-963095	47015.0000	35310.5105	1.3315	10027-GH-D28_S1
Pf3D7_07_v3	402385-406341	11058.0000	10424.5230	1.0608	10027-GH-D28_S1
Pf3D7_08_v3	547896-551057	56168.0000	35259.9803	1.5930	10027-GH-D28_S1
Pf3D7_11_v3	1292966-1296696	30403.0000	39239.7263	0.7748	10027-GH-D28_S1
Pf3D7_13_v3	1724600-1727877	96664.0000	96096.0473	1.0059	10027-GH-D28_S1
Pf3D7_MIT_v3	3492-4622	167861.0000	86622.8859	1.9378	10027-GH-D28_S1
Pf3D7_01_v3	177187-181825	30499.0000	672839.7009	0.0453	W2_S34
Pf3D7_03_v3	221112-223145	696851.0000	555366.7130	1.2548	W2_S34
Pf3D7_04_v3	747897-750065	1457408.0000	897083.5418	1.6246	W2_S34
Pf3D7_05_v3	955955-963095	3106525.0000	1141416.8539	2.7216	W2_S34
Pf3D7_07_v3	402385-406341	93524.0000	295043.5804	0.3170	W2_S34
Pf3D7_08_v3	547896-551057	2209884.0000	1023991.1091	2.1581	W2_S34
Pf3D7_11_v3	1292966-1296696	193944.0000	1169392.7290	0.1659	W2_S34
Pf3D7_13_v3	1724600-1727877	2705816.0000	2773006.6559	0.9758	W2_S34
Pf3D7_MIT_v3	3492-4622	3533184.0000	2578435.3140	1.3703	W2_S34
Pf3D7_01_v3	177187-181825	209722.0000	595040.1291	0.3525	S1528-GH_S13
Pf3D7_03_v3	221112-223145	904076.0000	469537.0514	1.9255	S1528-GH_S13
Pf3D7_04_v3	747897-750065	744109.0000	690108.7336	1.0782	S1528-GH_S13
Pf3D7_05_v3	955955-963095	1352691.0000	883466.6474	1.5311	S1528-GH_S13
Pf3D7_07_v3	402385-406341	331760.0000	271664.7363	1.2212	S1528-GH_S13
Pf3D7_08_v3	547896-551057	2330474.0000	870606.0419	2.6768	S1528-GH_S13
Pf3D7_11_v3	1292966-1296696	612393.0000	958627.6997	0.6388	S1528-GH_S13
Pf3D7_13_v3	1724600-1727877	2872782.0000	2531009.8236	1.1350	S1528-GH_S13
Pf3D7_MIT_v3	3492-4622	2872274.0000	1986326.0248	1.4460	S1528-GH_S13
Pf3D7_01_v3	177187-181825	152939.0000	537689.7388	0.2844	10258-GH-D42_S20
Pf3D7_03_v3	221112-223145	1212530.0000	546223.4938	2.2198	10258-GH-D42_S20
Pf3D7_04_v3	747897-750065	728717.0000	632562.6348	1.1520	10258-GH-D42_S20
Pf3D7_05_v3	955955-963095	1489062.0000	767679.3647	1.9397	10258-GH-D42_S20
Pf3D7_07_v3	402385-406341	266239.0000	245912.1884	1.0827	10258-GH-D42_S20
Pf3D7_08_v3	547896-551057	3051018.0000	783047.4844	3.8963	10258-GH-D42_S20
Pf3D7_11_v3	1292966-1296696	816336.0000	1152675.8421	0.7082	10258-GH-D42_S20
Pf3D7_13_v3	1724600-1727877	2899218.0000	2914763.4047	0.9947	10258-GH-D42_S20
Pf3D7_MIT_v3	3492-4622	1902501.0000	2071248.1421	0.9185	10258-GH-D42_S20
Pf3D7_01_v3	177187-181825	196135.0000	595729.2132	0.3292	10262-GH-D42_S21
Pf3D7_03_v3	221112-223145	1055642.0000	508223.4173	2.0771	10262-GH-D42_S21
Pf3D7_04_v3	747897-750065	542506.0000	669907.4566	0.8098	10262-GH-D42_S21
Pf3D7_05_v3	955955-963095	1207800.0000	838639.9571	1.4402	10262-GH-D42_S21
Pf3D7_07_v3	402385-406341	219270.0000	253450.5202	0.8651	10262-GH-D42_S21
Pf3D7_08_v3	547896-551057	2665185.0000	857123.2280	3.1095	10262-GH-D42_S21
Pf3D7_11_v3	1292966-1296696	848129.0000	1073561.7999	0.7900	10262-GH-D42_S21
Pf3D7_13_v3	1724600-1727877	2854945.0000	2676529.7408	1.0667	10262-GH-D42_S21
Pf3D7_MIT_v3	3492-4622	3058604.0000	2180207.2654	1.4029	10262-GH-D42_S21
Pf3D7_01_v3	177187-181825	244942.0000	548097.3948	0.4469	S1529-GH_S14
Pf3D7_03_v3	221112-223145	1186505.0000	560249.0861	2.1178	S1529-GH_S14
Pf3D7_04_v3	747897-750065	564236.0000	627847.6310	0.8987	S1529-GH_S14
Pf3D7_05_v3	955955-963095	1245813.0000	755331.4367	1.6494	S1529-GH_S14
Pf3D7_07_v3	402385-406341	249021.0000	242874.6095	1.0253	S1529-GH_S14
Pf3D7_08_v3	547896-551057	3037259.0000	785364.3278	3.8673	S1529-GH_S14
Pf3D7_11_v3	1292966-1296696	1023195.0000	1231251.3405	0.8310	S1529-GH_S14
Pf3D7_13_v3	1724600-1727877	2940676.0000	3004451.2109	0.9788	S1529-GH_S14
Pf3D7_MIT_v3	3492-4622	1822482.0000	2161120.6756	0.8433	S1529-GH_S14
Pf3D7_01_v3	177187-181825	143039.0000	537994.4369	0.2659	S1398-GH_S7
Pf3D7_03_v3	221112-223145	1078624.0000	456403.2143	2.3633	S1398-GH_S7
Pf3D7_04_v3	747897-750065	625577.0000	615944.1190	1.0156	S1398-GH_S7
Pf3D7_05_v3	955955-963095	1218618.0000	790098.3086	1.5424	S1398-GH_S7
Pf3D7_07_v3	402385-406341	195266.0000	235261.2659	0.8300	S1398-GH_S7
Pf3D7_08_v3	547896-551057	2463125.0000	781877.0878	3.1503	S1398-GH_S7
Pf3D7_11_v3	1292966-1296696	577687.0000	910572.5878	0.6344	S1398-GH_S7
Pf3D7_13_v3	1724600-1727877	2814010.0000	2374211.0737	1.1852	S1398-GH_S7
Pf3D7_MIT_v3	3492-4622	3142830.0000	1907213.2987	1.6479	S1398-GH_S7
Pf3D7_01_v3	177187-181825	706.0000	4505.2610	0.1567	10166-GH-D42_S11
Pf3D7_03_v3	221112-223145	12504.0000	5452.4785	2.2933	10166-GH-D42_S11
Pf3D7_04_v3	747897-750065	7092.0000	2843.0457	2.4945	10166-GH-D42_S11
Pf3D7_05_v3	955955-963095	8271.0000	6266.4996	1.3199	10166-GH-D42_S11
Pf3D7_07_v3	402385-406341	1552.0000	2019.3998	0.7685	10166-GH-D42_S11
Pf3D7_08_v3	547896-551057	26057.0000	6505.7364	4.0052	10166-GH-D42_S11
Pf3D7_11_v3	1292966-1296696	6376.0000	10041.7860	0.6349	10166-GH-D42_S11
Pf3D7_13_v3	1724600-1727877	28635.0000	19601.9582	1.4608	10166-GH-D42_S11
Pf3D7_MIT_v3	3492-4622	20592.0000	9407.8890	2.1888	10166-GH-D42_S11
Pf3D7_01_v3	177187-181825	147356.0000	391292.3680	0.3766	S1281-GH_S5
Pf3D7_03_v3	221112-223145	555996.0000	312678.9721	1.7782	S1281-GH_S5
Pf3D7_04_v3	747897-750065	341967.0000	434773.0012	0.7865	S1281-GH_S5
Pf3D7_05_v3	955955-963095	766878.0000	561532.9225	1.3657	S1281-GH_S5
Pf3D7_07_v3	402385-406341	134944.0000	171261.0447	0.7879	S1281-GH_S5
Pf3D7_08_v3	547896-551057	1627256.0000	565680.1594	2.8766	S1281-GH_S5
Pf3D7_11_v3	1292966-1296696	578100.0000	650402.4482	0.8888	S1281-GH_S5
Pf3D7_13_v3	1724600-1727877	2212808.0000	1641123.8039	1.3483	S1281-GH_S5
Pf3D7_MIT_v3	3492-4622	1915391.0000	1361998.7305	1.4063	S1281-GH_S5
