Sampleid	Pf3D7_01_v3	Pf3D7_03_v3	Pf3D7_04_v3	Pf3D7_05_v3	Pf3D7_07_v3	Pf3D7_08_v3	Pf3D7_11_v3	Pf3D7_13_v3	Pf3D7_MIT_v3
10027-GH-D28_S1	-0.5474877953024933	0.056337984149812254	-0.0489096004809464	0.17263938613934848	0.1887616434551679	-1.18696293179885	-0.6280312226130421	-0.7426679535303895	-0.4390061471051747
10063-GH-D42_S2	-0.203533394085132	0.8308727287637409	0.5525410230287788	0.27722828741654826	-0.632268215499513	-0.8777940676268291	-0.40296466697826866	0.9120035190021711	0.6157170392356651
10068-GH-D35_S3	3.3181265247275062	3.2719174525756034	1.0	0.03622018791275316	-2.217230716220669	-0.7054300207330995	-1.7248927618656313	0.9300374418324328	1.359824702645891
10136-GH-D28_S4	1.6100534816839864	2.532967863082895	-1.968291140272662	-0.10128333583718155		-0.5929552914746868	-2.309855262586787	1.0085114998555176	1.7159685128711664
10143-GH-D35_S9	0.0	2.8082665777219935	-1.3625700793847084	0.576788569275456		-1.214443668220957	-1.85042364394949	0.13050202423412785	2.0813188880496574
10164-GH-D42_S10	-0.2937312030567103	-0.7648965269139978	0.22239242133644802	1.1117103874970167	-0.253756592245783	1.908483853684186	-1.0121747139461021	1.715464524955284	3.0109295601582593
10166-GH-D42_S11	-1.2479275134435857	0.019024825681756417	1.4681488357384065	0.16175106999661235	-0.27237227041313017	0.14761253937171495	-0.9175378398080271	-0.21105487740216713	-0.2641319296911289
10227-GH-D35_S19	0.30666133823405173	-0.1406988629097417	-0.13430109171159121	0.18344614109593127	0.3063312398363436	-0.20063786869592665	-0.3249621549769956	-0.17206074578630348	-0.9514561480419627
10258-GH-D42_S20	-0.44057259138598126	-0.02576309606508146	0.3536369546147004	0.7172697928252865	0.21572869105543724	0.10748442666640537	-0.7450706438032615	-0.7715228162025747	-1.5153570332352893
10262-GH-D42_S21	-0.203533394085132	-0.1197392442740954	-0.15200309344504995	0.2872819520804712	-0.09621531525930317	-0.21907511695260287	-0.5910370151308404	-0.6729589817189849	-0.909635972347336
10263-GH-D35_S22	0.1783372412585124	-0.019279062494882843	0.2085866218114176	0.36528446408174436	0.29373120305671	-0.04041426844590817	-0.6468902498643578	-0.7426679535303895	-1.5153570332352893
10265-GH-D42_S23	0.2439255828860891	0.1398229696528936	0.06273575534796244	0.11735695063815874	0.25525705524207465	-0.18243327331833611	-0.40296466697826866	-0.03455722203636855	-0.8790476525139129
10272-GH-D35_S24	0.27563444261342734	-0.4278615396364273	0.2085866218114176	0.10604163741032462	0.40335569423120843	-0.5869565508532437	-0.7049932044279262	-0.5679894221174426	-0.7909914758487168
10278-GH-D35_S25	-0.34103691783506696	-0.3525734123321901	-0.38332863955150576	0.15077995217560922	0.0	-0.3249202045825265	-0.41908433234154574	-0.3674564347447339	-0.9514561480419627
10304-GH-D28_S26	-2.078002512001273	-0.4278615396364273	0.9919626809345817	1.0182237586189076	0.09019780897157816	-0.43914995539565155	-1.6094155444456952	-0.7861695921669762	-1.168554269708898
10311-GH-D35_S27	-1.5474877953024933	-0.2503233540842397	0.5849625007211562	1.1229814998320369	0.0	-0.15111773285212793	-1.1134580497832838	-0.7426679535303895	-1.5631855583259047
10313-GH-D21_S31	-1.1604646721932461	-0.16196747966339287	0.6270879763938326	0.8921440102393323	-0.09621531525930317	-0.07358113238110757	-1.0368367681803714	-0.8462905846045471	-1.352418462109084
3D7_S32	0.0	0.0	0.0	0.0	0.0	0.0	0.0	0.0	0.0
DD2_S33	-2.6629650127224296	-0.6806276100163943	0.9593580155026541	1.6834109888092506	-0.8112383565448321	-0.36029453468441197	-2.4353861446706464	-0.6459919341187157	-1.4095623692126928
S1281-GH_S5	0.0	-0.34444553144878975	-0.18807234815257182	0.21538903359868575	-0.23537806293092842	-0.32992088564089306	-0.41908433234154574	-0.3240638392313533	-0.8993676368935087
S1395-GH_S6	-0.5474877953024933	-0.0519946376382611	0.41503749927884376	0.6011727279024154	0.10469737866669322	-0.15111773285212793	-0.8724499502794889	-0.9579359404334561	-1.4997601781842709
S1398-GH_S7	-0.493040011280117	0.062464086946653646	0.18057224564182084	0.3841434913330602	-0.16411937976110683	-0.20063786869592665	-0.9175378398080271	-0.518236386920343	-0.6725967750464865
S1411-GH_S8	-0.24792751344358557	-0.1197392442740954	0.24961389007147222	0.6172028377213642	-0.0313641709093351	0.13677873346044345	-0.6853643976789937	-0.6866339186160615	-1.6638795579453778
S1453-GH_S12	-1.341036917835067	-0.6603076256367983	0.2360673582335245	0.509674373416919	-0.6084214735451452	-0.7382946546387261	-1.987927167699425	-0.9251460053157865	-0.9728297988345298
S1528-GH_S13	-0.11864449649861908	-0.2277219251471071	0.2630344058337938	0.3747447933308106	0.3915785264548548	-0.4337566966254329	-0.8948177633079433	-0.5807004738669966	-0.8590098992773677
S1529-GH_S14	0.2439255828860891	-0.09225850785198833	0.0	0.48367916488397455	0.14734171607518687	0.09634386906120493	-0.5197783319610189	-0.8009665940950565	-1.646601566513542
S1531-GH_S15	-0.9259994185562233	-0.012824040357583298	0.8027676525619523	0.9052595100295904	0.1332665308634641	-0.08621795805903293	-0.807354922057604	-0.9090263399525095	-1.7535167704300538
S1544-GH_S16	-0.9259994185562233	-0.1336784352319692	0.6061789866308521	0.810843908137484	0.0	-0.14669906158512286	-0.964080425745057	-0.8773174802251714	-1.6295280531546006
S1551-GH_S17	-0.03847414781463567	0.02531108852918755	0.36612789879789726	0.3747447933308106	0.3915785264548548	-0.2471804546329569	-0.8724499502794889	-0.8462905846045471	-1.3950627995175775
S1564-GH_S18	0.30666133823405173	0.02531108852918755	0.19464743085354358	0.16175106999661235	0.21572869105543724	-0.3249202045825265	-0.4685530086058456	-0.24100809950379493	-0.7351382411151993
S1566-GH_S28	-1.5474877953024933	-0.2277219251471071	0.5849625007211562	1.0302462868681206	0.09019780897157816	-0.2098270401505871	-0.8287285728501708	-0.6866339186160615	-1.6813669846742187
S1612-GH_S29	-0.07800251200127321	-0.08546934218934943	0.06273575534796244	0.4482738287527759	-0.11289405640593352	-0.020065623054105693	-0.4685530086058456	-0.7004397181410921	-1.4390061471051747
S1645-GH_S30	0.4525122046975067	0.12818826916949028	0.2360673582335245	0.18344614109593127	0.5161236243931583	-0.28067736662104376	-0.4685530086058456	-0.45836493094294434	-0.8197504688301406
W2_S34	-2.925999418556223	-0.8543946777531004	0.8479969065549501	1.2048197918884982	-1.5391588111080314	-0.7449583849197368	-2.8073549220576037	-0.8009665940950565	-0.9408869063317756
